﻿<?xml version="1.0" encoding="utf-8"?>
<DownloadedSamples>
  <ScriptSample Name="Detect-Cryptographic-eb5f5a98" LastUpdated="24-02-2015" Link="https://gallery.technet.microsoft.com/Detect-Cryptographic-eb5f5a98" Rating="5" Raters="1" Downloads="475" Title="Detect Cryptographic Cipher Configuration" Category="Security" SubCategory="Active Directory" Tags="Security;  Cryptography;  Certificate;  " Author="Tim Springston [MSFT]" Summary="Sometimes mismatched or incompatible cryptographic cipher configurations between a client and a server will prevent secure communication using SSL/TLS or other protocols.  Detecting the mismatch is very difficult so I wrote this script to call out a local computers settings." IsAllDownloaded="true" IsAddedToFavorite="true">
    <Languages>
      <Language Type="PowerShell" />
    </Languages>
    <SamplePackages>
      <SamplePackage LastUpdated="24-03-2016" DownloadLink="https://gallery.technet.microsoft.com/Detect-Cryptographic-eb5f5a98/file/134175/1/DetectCipherConfig.ps1" FileName="DetectCipherConfig.ps1" FileNameWithoutExtension="DetectCipherConfig" LocalPath="D:\Users\875328\Documents\WindowsPowerShell\Scripts\Detect-Cryptographic-eb5f5a98\DetectCipherConfig" />
    </SamplePackages>
  </ScriptSample>
  <ScriptSample Name="Hyper-V-Reporting-Script-4adaf5d0" LastUpdated="05-03-2015" Link="https://gallery.technet.microsoft.com/Hyper-V-Reporting-Script-4adaf5d0" Rating="4.836364" Raters="55" Downloads="9618" Title="Hyper-V Reporting Script (Powershell &amp; HTML)" Category="Servers" SubCategory="Virtual Server" Tags="Powershell;  Virtualization;  Hyper-V;  " Author="Serhat AKINCI" Summary="It can be difficult to monitor and assess resources in large Hyper-V environments. This Powershell based script helps you to understand virtualization inventory, capacity and general resource availability in your Standalone or Clustered Hyper-V Environment." IsAddedToFavorite="true" IsAllDownloaded="true">
    <Languages>
      <Language Type="PowerShell" />
    </Languages>
    <SamplePackages>
      <SamplePackage LastUpdated="24-03-2016" DownloadLink="https://gallery.technet.microsoft.com/Hyper-V-Reporting-Script-4adaf5d0/file/132068/3/Get-HyperVReport-v1.5.zip" FileName="Get-HyperVReport-v1.5.zip" FileNameWithoutExtension="Get-HyperVReport-v1.5" LocalPath="D:\Users\875328\Documents\WindowsPowerShell\Scripts\Hyper-V-Reporting-Script-4adaf5d0\Get-HyperVReport-v1.5" />
    </SamplePackages>
  </ScriptSample>
  <ScriptSample Name="06b5b663-8124-4393-a2d0-1c841c33f4c6" LastUpdated="10-08-2009" Link="https://gallery.technet.microsoft.com/06b5b663-8124-4393-a2d0-1c841c33f4c6" Rating="3" Raters="1" Downloads="0" Title="List Group Information" Category="Other Directory Services" SubCategory="Local Accounts and Windows NT 4.0 Accounts" Author="The Scripting Guys" Summary="Returns information about the groups found on a computer. This script requires both Windows PowerShell  and the corresponding version of the .NET Framework. For more information o" IsAddedToFavorite="true" IsAllDownloaded="true">
    <Languages>
      <Language Type="PowerShell" />
    </Languages>
  </ScriptSample>
  <ScriptSample Name="3b7e1e30-0dd5-42e9-80e9-277ec263ddcc" LastUpdated="10-08-2009" Link="https://gallery.technet.microsoft.com/3b7e1e30-0dd5-42e9-80e9-277ec263ddcc" Rating="5" Raters="1" Downloads="0" Title="List User Account Information" Category="Other Directory Services" SubCategory="Local Accounts and Windows NT 4.0 Accounts" Author="The Scripting Guys" Summary="Returns information about the user accounts found on a computer. This script requires both Windows PowerShell  and the corresponding version of the .NET Framework. For more inform" IsAddedToFavorite="true" IsAllDownloaded="true">
    <Languages>
      <Language Type="PowerShell" />
    </Languages>
  </ScriptSample>
  <ScriptSample Name="Script-to-retrieve-all-b70a1dba" LastUpdated="14-01-2014" Link="https://gallery.technet.microsoft.com/Script-to-retrieve-all-b70a1dba" Rating="4.5" Raters="12" Downloads="18162" Title="Retrieve all local user accounts information on remote computers (PowerShell)" Category="Local Account Management" SubCategory="Users" Tags="Powershell;  Windows;  local user account;  " Author="OneScript Team" Summary="This PowerShell Script shows how to retrieve all local user accounts information on remote computers." IsAddedToFavorite="true" IsAllDownloaded="true">
    <Languages>
      <Language Type="PowerShell" />
    </Languages>
    <SamplePackages>
      <SamplePackage LastUpdated="24-03-2016" DownloadLink="https://gallery.technet.microsoft.com/Script-to-retrieve-all-b70a1dba/file/107240/1/GetLocalAccount.zip" FileName="GetLocalAccount.zip" FileNameWithoutExtension="GetLocalAccount" LocalPath="D:\Users\875328\Documents\WindowsPowerShell\Scripts\Script-to-retrieve-all-b70a1dba\GetLocalAccount" />
    </SamplePackages>
  </ScriptSample>
  <ScriptSample Name="PowerShell-Module-to-255637a3" LastUpdated="11-11-2015" Link="https://gallery.technet.microsoft.com/PowerShell-Module-to-255637a3" Rating="4.66666651" Raters="3" Downloads="786" Title="PowerShell Module to Manage Local Users and Groups 1.4" Category="Local Account Management" SubCategory="Users" Tags="local users;  management;  Local Group Management;  " Author="Sean Kearney (Honorary Scripting Guy)" Summary="This is version 1.4 of the module.  It's still early in it's development but should ease on some of the headaches of managing local users and groups.There is better version of this module compiled to Binary codehttps://gallery.technet.microsoft.com/scriptcenter/Local-Account-Mana" IsAddedToFavorite="true" IsAllDownloaded="true">
    <SamplePackages>
      <SamplePackage LastUpdated="24-03-2016" DownloadLink="https://gallery.technet.microsoft.com/PowerShell-Module-to-255637a3/file/135280/4/LocalAccount.zip" FileName="LocalAccount.zip" FileNameWithoutExtension="LocalAccount" LocalPath="D:\Users\875328\Documents\WindowsPowerShell\Scripts\PowerShell-Module-to-255637a3\LocalAccount" />
    </SamplePackages>
  </ScriptSample>
  <ScriptSample Name="Get-scheduled-tasks-from-1ba9b7fa" LastUpdated="14-05-2015" Link="https://gallery.technet.microsoft.com/Get-scheduled-tasks-from-1ba9b7fa" Rating="5" Raters="1" Downloads="224" Title="Get scheduled tasks from remote computer in a clear HTML report" Category="Desktop Management" SubCategory="Desktop Settings" Tags="Scheduled Task;  Tasks;  HTML Report;  " Author="j0rt3g4" Summary="this contribution is a extension of the original file made by  Jaap Brasser at: https://gallery.technet.microsoft.com/scriptcenter/Get-Scheduled-tasks-from-3a377294The enhancement of this script is that takes the original and increment their functionality taking all the info into" IsAddedToFavorite="false" IsAllDownloaded="true">
    <Languages>
      <Language Type="PowerShell" />
    </Languages>
    <SamplePackages>
      <SamplePackage LastUpdated="30-03-2016" DownloadLink="https://gallery.technet.microsoft.com/Get-scheduled-tasks-from-1ba9b7fa/file/137675/2/Get-ScheduledTaskHTML.ps1" FileName="Get-ScheduledTaskHTML.ps1" FileNameWithoutExtension="Get-ScheduledTaskHTML" LocalPath="D:\Users\875328\Documents\WindowsPowerShell\Scripts\Get-scheduled-tasks-from-1ba9b7fa\Get-ScheduledTaskHTML" />
    </SamplePackages>
  </ScriptSample>
  <ScriptSample Name="Powershell-FileSystemWatche-dfd7084b" LastUpdated="08-12-2011" Link="https://gallery.technet.microsoft.com/Powershell-FileSystemWatche-dfd7084b" Rating="4.5625" Raters="16" Downloads="10161" Title="Powershell FileSystemWatcher" Category="Storage" SubCategory="File Systems" Tags="filesystemwatcher;  File monitoring;  Monitor file changes;  " Author="Bigteddy" Summary="This script uses the .net FileSystemWatcher class to subscribe to 'create', 'change' and 'delete' events on files or folders in the NTFS filesystem.It can be used to monitor a folder or folders, and can be modified to perform any action upon the triggering of these events.  " IsAddedToFavorite="false" IsAllDownloaded="true">
    <Languages>
      <Language Type="PowerShell" />
    </Languages>
    <SamplePackages>
      <SamplePackage LastUpdated="30-03-2016" DownloadLink="https://gallery.technet.microsoft.com/Powershell-FileSystemWatche-dfd7084b/file/42206/1/FileSystemWatcher.ps1" FileName="FileSystemWatcher.ps1" FileNameWithoutExtension="FileSystemWatcher" LocalPath="D:\Users\875328\Documents\WindowsPowerShell\Scripts\Powershell-FileSystemWatche-dfd7084b\FileSystemWatcher" />
    </SamplePackages>
  </ScriptSample>
  <ScriptSample Name="Monitor-folder-for-file-e6a30002" LastUpdated="17-02-2015" Link="https://gallery.technet.microsoft.com/Monitor-folder-for-file-e6a30002" Rating="0" Raters="0" Downloads="210" Title="Monitor folder for file system events" Category="Storage" SubCategory="Folders" Tags="filesystemwatcher;  Monitor Filesystem;  " Author="Dirk_74" Summary="&lt;#    .Synopsis        Monitors a folder for changes using non-persistent asynchronous events    .Description        A wrapper around IO.FileSystemWatcher and Register-ObjectEvent to monitor a folder for file system events (Created, Deleted, Changed, and/or Renamed)    .Parameter" IsAddedToFavorite="false" IsAllDownloaded="true">
    <Languages>
      <Language Type="PowerShell" />
    </Languages>
    <SamplePackages>
      <SamplePackage LastUpdated="30-03-2016" DownloadLink="https://gallery.technet.microsoft.com/Monitor-folder-for-file-e6a30002/file/133868/1/Monitor-Folder.ps1" FileName="Monitor-Folder.ps1" FileNameWithoutExtension="Monitor-Folder" LocalPath="D:\Users\875328\Documents\WindowsPowerShell\Scripts\Monitor-folder-for-file-e6a30002\Monitor-Folder" />
    </SamplePackages>
  </ScriptSample>
  <ScriptSample Name="WPF-User-Notification-MVVM-98940828" LastUpdated="06-07-2015" Link="https://gallery.technet.microsoft.com/WPF-User-Notification-MVVM-98940828" Rating="5" Raters="2" Downloads="168" Title="WPF: User Notification MVVM Sample" Category="Applications" SubCategory="Client Applications" Tags="WPF;  messagebox;  Dialog;  " Author="Andy ONeill" Summary="This sample demonstrates several MVVM friendly approaches to letting the user know something happened. This explanation is currently a first draft." IsAddedToFavorite="false" IsAllDownloaded="true">
    <SamplePackages>
      <SamplePackage LastUpdated="30-03-2016" DownloadLink="https://gallery.technet.microsoft.com/WPF-User-Notification-MVVM-98940828/file/139703/1/wpf_Notify_User.zip" FileName="wpf_Notify_User.zip" FileNameWithoutExtension="wpf_Notify_User" LocalPath="D:\Users\875328\Documents\WindowsPowerShell\Scripts\WPF-User-Notification-MVVM-98940828\wpf_Notify_User" />
    </SamplePackages>
  </ScriptSample>
</DownloadedSamples>